class,negative,neutral,positive,accuracy,macro avg,weighted avg
precision,0.8985750209555742,0.8829516539440203,0.9109548916227299,0.8978085867620751,0.8974938555074413,0.8975171065792844
recall,0.9329852045256745,0.8473748473748474,0.9228486646884273,0.8978085867620751,0.9010695721963163,0.8978085867620751
f1-score,0.9154568744662681,0.864797507788162,0.9168632075471698,0.8978085867620751,0.8990391966005333,0.8974312994713177
support,1149.0,1638.0,1685.0,0.8978085867620751,4472.0,4472.0
