class,negative,neutral,positive,accuracy,macro avg,weighted avg
precision,0.9066317626527051,0.8429850746268657,0.9103573591762568,0.8841681574239714,0.8866580654852759,0.8847230764174322
recall,0.9042645778938208,0.8620268620268621,0.8919881305637982,0.8841681574239714,0.8860931901614938,0.8841681574239714
f1-score,0.905446623093682,0.8523996377905222,0.9010791366906474,0.8841681574239714,0.8863084658582839,0.8843710022270252
support,1149.0,1638.0,1685.0,0.8841681574239714,4472.0,4472.0
