class,negative,neutral,positive,accuracy,macro avg,weighted avg
precision,0.7344228804902962,0.61742006615215,0.7087552114353782,0.6773255813953488,0.6868660526926081,0.6818959054805869
recall,0.6257615317667538,0.6837606837606838,0.7062314540059347,0.6773255813953488,0.6719178898444573,0.6773255813953488
f1-score,0.6757518796992481,0.6488991888760139,0.7074910820451843,0.6773255813953488,0.6773807168734821,0.6778752805007787
support,1149.0,1638.0,1685.0,0.6773255813953488,4472.0,4472.0
