class,negative,neutral,positive,accuracy,macro avg,weighted avg
precision,0.6931007137192704,0.679196370706416,0.7428057553956835,0.7068425760286225,0.7050342799404566,0.7067361523082016
recall,0.7606614447345518,0.6398046398046398,0.7353115727002968,0.7068425760286225,0.7119258857464961,0.7068425760286225
f1-score,0.725311203319502,0.6589122917321597,0.7390396659707724,0.7068425760286225,0.7077543870074781,0.7061634042111219
support,1149.0,1638.0,1685.0,0.7068425760286225,4472.0,4472.0
