class,negative,neutral,positive,accuracy,macro avg,weighted avg
precision,0.9094865100087032,0.8493975903614458,0.9085989176187613,0.8868515205724508,0.8891610059963034,0.8871427614489403
recall,0.9094865100087032,0.8608058608058609,0.8967359050445104,0.8868515205724508,0.8890094252863582,0.8868515205724508
f1-score,0.9094865100087032,0.8550636749545178,0.9026284348864994,0.8868515205724508,0.8890595399499067,0.8869685179694212
support,1149.0,1638.0,1685.0,0.8868515205724508,4472.0,4472.0
