class,negative,neutral,positive,accuracy,macro avg,weighted avg
precision,0.7207446808510638,0.6568933250155957,0.7225732337736933,0.6985688729874776,0.7000704132134509,0.6980462440925964
recall,0.7075718015665796,0.6428571428571429,0.7465875370919881,0.6985688729874776,0.6990054938385702,0.6985688729874776
f1-score,0.7140974967061924,0.6497994446158593,0.7343841214244017,0.6985688729874776,0.6994270209154845,0.698190241188799
support,1149.0,1638.0,1685.0,0.6985688729874776,4472.0,4472.0
